<annotation verified="yes">
	<folder>jaguars</folder>
	<filename>j106_101.jpg</filename>
	<path>/home/prash/digital_borders/digital_borders_animal_reid/jaguars/j106_101.jpg</path>
	<source>
		<database>Unknown</database>
	</source>
	<size>
		<width>2560</width>
		<height>1920</height>
		<depth>3</depth>
	</size>
	<segmented>0</segmented>
	<object>
		<name>jaguar</name>
		<pose>Unspecified</pose>
		<truncated>0</truncated>
		<difficult>0</difficult>
		<bndbox>
			<xmin>1356</xmin>
			<ymin>676</ymin>
			<xmax>2293</xmax>
			<ymax>1132</ymax>
		</bndbox>
	</object>
</annotation>
