<annotation verified="yes">
	<folder>jaguars</folder>
	<filename>j106_73.jpg</filename>
	<path>/home/prash/digital_borders/digital_borders_animal_reid/jaguars/j106_73.jpg</path>
	<source>
		<database>Unknown</database>
	</source>
	<size>
		<width>1920</width>
		<height>1080</height>
		<depth>3</depth>
	</size>
	<segmented>0</segmented>
	<object>
		<name>jaguar</name>
		<pose>Unspecified</pose>
		<truncated>0</truncated>
		<difficult>0</difficult>
		<bndbox>
			<xmin>459</xmin>
			<ymin>539</ymin>
			<xmax>926</xmax>
			<ymax>845</ymax>
		</bndbox>
	</object>
</annotation>
