<annotation verified="yes">
	<folder>jaguars</folder>
	<filename>j128_4.jpg</filename>
	<path>/home/prash/digital_borders/digital_borders_animal_reid/jaguars/j128_4.jpg</path>
	<source>
		<database>Unknown</database>
	</source>
	<size>
		<width>2560</width>
		<height>1920</height>
		<depth>3</depth>
	</size>
	<segmented>0</segmented>
	<object>
		<name>jaguar</name>
		<pose>Unspecified</pose>
		<truncated>0</truncated>
		<difficult>1</difficult>
		<bndbox>
			<xmin>1635</xmin>
			<ymin>485</ymin>
			<xmax>2507</xmax>
			<ymax>1004</ymax>
		</bndbox>
	</object>
</annotation>
