<annotation verified="yes">
	<folder>jaguars</folder>
	<filename>j151_69.jpg</filename>
	<path>/home/prash/digital_borders/digital_borders_animal_reid/jaguars/j151_69.jpg</path>
	<source>
		<database>Unknown</database>
	</source>
	<size>
		<width>2048</width>
		<height>1536</height>
		<depth>3</depth>
	</size>
	<segmented>0</segmented>
	<object>
		<name>jaguar</name>
		<pose>Unspecified</pose>
		<truncated>1</truncated>
		<difficult>0</difficult>
		<bndbox>
			<xmin>1047</xmin>
			<ymin>437</ymin>
			<xmax>2048</xmax>
			<ymax>1055</ymax>
		</bndbox>
	</object>
</annotation>
