<annotation verified="yes">
	<folder>jaguars</folder>
	<filename>j151_33.jpg</filename>
	<path>/home/prash/digital_borders/digital_borders_animal_reid/jaguars/j151_33.jpg</path>
	<source>
		<database>Unknown</database>
	</source>
	<size>
		<width>2560</width>
		<height>1920</height>
		<depth>3</depth>
	</size>
	<segmented>0</segmented>
	<object>
		<name>jaguar</name>
		<pose>Unspecified</pose>
		<truncated>1</truncated>
		<difficult>1</difficult>
		<bndbox>
			<xmin>1214</xmin>
			<ymin>391</ymin>
			<xmax>2560</xmax>
			<ymax>1805</ymax>
		</bndbox>
	</object>
</annotation>
