<annotation verified="yes">
	<folder>jaguars</folder>
	<filename>j151c_16.jpg</filename>
	<path>/home/prash/digital_borders/digital_borders_animal_reid/jaguars/j151c_16.jpg</path>
	<source>
		<database>Unknown</database>
	</source>
	<size>
		<width>1920</width>
		<height>1080</height>
		<depth>3</depth>
	</size>
	<segmented>0</segmented>
	<object>
		<name>jaguar</name>
		<pose>Unspecified</pose>
		<truncated>0</truncated>
		<difficult>0</difficult>
		<bndbox>
			<xmin>359</xmin>
			<ymin>335</ymin>
			<xmax>1207</xmax>
			<ymax>750</ymax>
		</bndbox>
	</object>
</annotation>
