<annotation verified="yes">
	<folder>jaguars</folder>
	<filename>j157c_3.jpg</filename>
	<path>/home/prash/digital_borders/digital_borders_animal_reid/jaguars/j157c_3.jpg</path>
	<source>
		<database>Unknown</database>
	</source>
	<size>
		<width>2048</width>
		<height>1536</height>
		<depth>3</depth>
	</size>
	<segmented>0</segmented>
	<object>
		<name>jaguar</name>
		<pose>Unspecified</pose>
		<truncated>0</truncated>
		<difficult>0</difficult>
		<bndbox>
			<xmin>625</xmin>
			<ymin>551</ymin>
			<xmax>1299</xmax>
			<ymax>971</ymax>
		</bndbox>
	</object>
	<object>
		<name>jaguar</name>
		<pose>Unspecified</pose>
		<truncated>1</truncated>
		<difficult>0</difficult>
		<bndbox>
			<xmin>1</xmin>
			<ymin>622</ymin>
			<xmax>108</xmax>
			<ymax>871</ymax>
		</bndbox>
	</object>
</annotation>
