<annotation verified="yes">
	<folder>jaguars</folder>
	<filename>j157c_4.jpg</filename>
	<path>/home/prash/digital_borders/digital_borders_animal_reid/jaguars/j157c_4.jpg</path>
	<source>
		<database>Unknown</database>
	</source>
	<size>
		<width>2048</width>
		<height>1536</height>
		<depth>3</depth>
	</size>
	<segmented>0</segmented>
	<object>
		<name>jaguar</name>
		<pose>Unspecified</pose>
		<truncated>0</truncated>
		<difficult>0</difficult>
		<bndbox>
			<xmin>13</xmin>
			<ymin>620</ymin>
			<xmax>332</xmax>
			<ymax>908</ymax>
		</bndbox>
	</object>
	<object>
		<name>jaguar</name>
		<pose>Unspecified</pose>
		<truncated>0</truncated>
		<difficult>0</difficult>
		<bndbox>
			<xmin>996</xmin>
			<ymin>583</ymin>
			<xmax>1744</xmax>
			<ymax>1032</ymax>
		</bndbox>
	</object>
</annotation>
