<annotation verified="yes">
	<folder>jaguars</folder>
	<filename>j157c_1.jpg</filename>
	<path>/home/prash/digital_borders/digital_borders_animal_reid/jaguars/j157c_1.jpg</path>
	<source>
		<database>Unknown</database>
	</source>
	<size>
		<width>2048</width>
		<height>1536</height>
		<depth>3</depth>
	</size>
	<segmented>0</segmented>
	<object>
		<name>jaguar</name>
		<pose>Unspecified</pose>
		<truncated>0</truncated>
		<difficult>0</difficult>
		<bndbox>
			<xmin>220</xmin>
			<ymin>618</ymin>
			<xmax>704</xmax>
			<ymax>857</ymax>
		</bndbox>
	</object>
	<object>
		<name>jaguar</name>
		<pose>Unspecified</pose>
		<truncated>0</truncated>
		<difficult>0</difficult>
		<bndbox>
			<xmin>1357</xmin>
			<ymin>778</ymin>
			<xmax>1599</xmax>
			<ymax>930</ymax>
		</bndbox>
	</object>
</annotation>
