<annotation verified="yes">
	<folder>jaguars</folder>
	<filename>j157c_2.jpg</filename>
	<path>/home/prash/digital_borders/digital_borders_animal_reid/jaguars/j157c_2.jpg</path>
	<source>
		<database>Unknown</database>
	</source>
	<size>
		<width>2048</width>
		<height>1536</height>
		<depth>3</depth>
	</size>
	<segmented>0</segmented>
	<object>
		<name>jaguar</name>
		<pose>Unspecified</pose>
		<truncated>0</truncated>
		<difficult>0</difficult>
		<bndbox>
			<xmin>18</xmin>
			<ymin>596</ymin>
			<xmax>504</xmax>
			<ymax>822</ymax>
		</bndbox>
	</object>
	<object>
		<name>jaguar</name>
		<pose>Unspecified</pose>
		<truncated>0</truncated>
		<difficult>0</difficult>
		<bndbox>
			<xmin>1213</xmin>
			<ymin>766</ymin>
			<xmax>1477</xmax>
			<ymax>912</ymax>
		</bndbox>
	</object>
</annotation>
