<annotation verified="yes">
	<folder>jaguars</folder>
	<filename>j157c_0.jpg</filename>
	<path>/home/prash/digital_borders/digital_borders_animal_reid/jaguars/j157c_0.jpg</path>
	<source>
		<database>Unknown</database>
	</source>
	<size>
		<width>2048</width>
		<height>1536</height>
		<depth>3</depth>
	</size>
	<segmented>0</segmented>
	<object>
		<name>jaguar</name>
		<pose>Unspecified</pose>
		<truncated>0</truncated>
		<difficult>0</difficult>
		<bndbox>
			<xmin>471</xmin>
			<ymin>640</ymin>
			<xmax>932</xmax>
			<ymax>891</ymax>
		</bndbox>
	</object>
	<object>
		<name>jaguar</name>
		<pose>Unspecified</pose>
		<truncated>0</truncated>
		<difficult>0</difficult>
		<bndbox>
			<xmin>1499</xmin>
			<ymin>795</ymin>
			<xmax>1766</xmax>
			<ymax>951</ymax>
		</bndbox>
	</object>
</annotation>
