<annotation verified="yes">
	<folder>jaguars</folder>
	<filename>j161_1.jpg</filename>
	<path>/home/prash/digital_borders/digital_borders_animal_reid/jaguars/j161_1.jpg</path>
	<source>
		<database>Unknown</database>
	</source>
	<size>
		<width>3776</width>
		<height>2124</height>
		<depth>3</depth>
	</size>
	<segmented>0</segmented>
	<object>
		<name>jaguar</name>
		<pose>Unspecified</pose>
		<truncated>0</truncated>
		<difficult>0</difficult>
		<bndbox>
			<xmin>2358</xmin>
			<ymin>709</ymin>
			<xmax>3563</xmax>
			<ymax>1462</ymax>
		</bndbox>
	</object>
</annotation>
