<annotation verified="yes">
	<folder>jaguars</folder>
	<filename>j161_50.jpg</filename>
	<path>/home/prash/digital_borders/digital_borders_animal_reid/jaguars/j161_50.jpg</path>
	<source>
		<database>Unknown</database>
	</source>
	<size>
		<width>1920</width>
		<height>1080</height>
		<depth>3</depth>
	</size>
	<segmented>0</segmented>
	<object>
		<name>jaguar</name>
		<pose>Unspecified</pose>
		<truncated>0</truncated>
		<difficult>0</difficult>
		<bndbox>
			<xmin>70</xmin>
			<ymin>466</ymin>
			<xmax>1689</xmax>
			<ymax>1039</ymax>
		</bndbox>
	</object>
</annotation>
