<annotation verified="yes">
	<folder>jaguars</folder>
	<filename>j161_42.jpg</filename>
	<path>/home/prash/digital_borders/digital_borders_animal_reid/jaguars/j161_42.jpg</path>
	<source>
		<database>Unknown</database>
	</source>
	<size>
		<width>2048</width>
		<height>1536</height>
		<depth>3</depth>
	</size>
	<segmented>0</segmented>
	<object>
		<name>jaguar</name>
		<pose>Unspecified</pose>
		<truncated>0</truncated>
		<difficult>1</difficult>
		<bndbox>
			<xmin>6</xmin>
			<ymin>432</ymin>
			<xmax>813</xmax>
			<ymax>1298</ymax>
		</bndbox>
	</object>
</annotation>
