<annotation verified="yes">
	<folder>jaguars</folder>
	<filename>j161_3.jpg</filename>
	<path>/home/prash/digital_borders/digital_borders_animal_reid/jaguars/j161_3.jpg</path>
	<source>
		<database>Unknown</database>
	</source>
	<size>
		<width>3776</width>
		<height>2124</height>
		<depth>3</depth>
	</size>
	<segmented>0</segmented>
	<object>
		<name>jaguar</name>
		<pose>Unspecified</pose>
		<truncated>0</truncated>
		<difficult>0</difficult>
		<bndbox>
			<xmin>1401</xmin>
			<ymin>759</ymin>
			<xmax>2453</xmax>
			<ymax>1382</ymax>
		</bndbox>
	</object>
</annotation>
