<annotation verified="yes">
	<folder>jaguars</folder>
	<filename>j169_28.jpg</filename>
	<path>/home/prash/digital_borders/digital_borders_animal_reid/jaguars/j169_28.jpg</path>
	<source>
		<database>Unknown</database>
	</source>
	<size>
		<width>2560</width>
		<height>1920</height>
		<depth>3</depth>
	</size>
	<segmented>0</segmented>
	<object>
		<name>jaguar</name>
		<pose>Unspecified</pose>
		<truncated>0</truncated>
		<difficult>0</difficult>
		<bndbox>
			<xmin>650</xmin>
			<ymin>791</ymin>
			<xmax>1718</xmax>
			<ymax>1434</ymax>
		</bndbox>
	</object>
</annotation>
